CREATE table Employee(emp_id int, emp_name varchar(20), emp_phno varchar(11), emp_bg varchar(10), emp_marstatus varchar(15), primary key(emp_id));
insert into employee values("100", "Ram", 7365432345, "o+ve", "married");
insert into employee values("200", "John", 7365432345, "o-ve", "unmarried");
select * from employee;
insert into employee values("300", "Surya", 9456723415, "B+ve", "married");
insert into employee values("400", "Rock", 7361432755, "B-ve", "unmarried");
insert into employee values("500", "Rocky", 9085432374, "o+ve", "married");
UPDATE employee
set emp_phno = '8765290238'
WHERE emp_id = 200;
CREATE table dependents(dep_id int, dep_name varchar(20), dep_dob date, dep_rel varchar(10), primary key(dep_id));
insert into dependents values ("100", "Ayush", '1999-12-22', "child");
insert into dependents values ("200", "Nikash", '1982-05-14', "father");
insert into dependents values ("300", "Lakshmi", '1985-01-29', "mother");
insert into dependents values ("400", "Priya", '1999-07-14', "spouse");
insert into dependents values ("500", "sayak", '2002-09-17', "child");
select * from dependents;
create table cycle (cycle_id int,cycle_start_yr year,cycle_end_yr year,provider_name varchar(20),cycle_renewed varchar(10), primary key(cycle_id));
insert into cycle values("100", "2001","2002","xyz company","yes");
select * from cycle;
insert into cycle values("200", "2005","2006","def company","yes");
insert into cycle values("300", "1999","2000","jkl company","yes");
insert into cycle values("400", "2010","2011","mno company","yes");
insert into cycle values("500", "2015","2016","qrs company","yes");
create table topup(topup_id int, topup_amount int, monthly_deduct int, allow_edit varchar(5));
insert into topup values(1, 50000, 600, "yes");
insert into topup values(2, 75000, 900, "yes");
insert into topup values(3, 150000, 1200, "no");
insert into topup values(4, 50000, 600, "yes");
insert into topup values(5, 75000, 900, "no");
select * from topup;
create table empInsurance(ins_id int, ins_type varchar(10),ins_amount int);
insert into empInsurance values(1, "GHI", 500000);
insert into empInsurance values(2, "GHI", 700000);
insert into empInsurance values(3, "GPAP", 500000);
insert into empInsurance values(1, "GHI", 700000);
select * from empInsurance;
create table ghi(ghi_id int);
insert into ghi values(1);
insert into ghi values(2);
select * from ghi;
create table gpap(gpap_id int);
insert into gpap values(1);
select * from gpap;
show tables from insurance;
